user_id,user_name,user_email
0,Manav,Manav@example.com
1,ArdKn,ArdKn@example.com
2,Kunal,Kunal@example.com
3,Omkar,Omkar@example.com
4,rahuls6099,rahuls6099@example.com
5,Jayesh,Jayesh@example.com
6,Vivek,Vivek@example.com
7,Pavan,Pavan@example.com
8,Azhar,Azhar@example.com
1,ArdKn,ArdKn@example.com
9,Tanya,Tanya@example.com
3,Omkar,Omkar@example.com
10,Rishav,Rishav@example.com
11,Priya,Priya@example.com
12,Deepaak,Deepaak@example.com
13,Birendra,Birendra@example.com
14,Manoj,Manoj@example.com
1,ArdKn,ArdKn@example.com
15,Rohan,Rohan@example.com
16,NIRMAL.N,NIRMAL.N@example.com
17,Prasannavijayaraghavan,Prasannavijayaraghavan@example.com
18,aditya,aditya@example.com
19,Rahman,Rahman@example.com
20,$@|\|TO$|-|,$@|\|TO$|-|@example.com
21,Ayush,Ayush@example.com
22,Yashpreet,Yashpreet@example.com
23,ATHARVA,ATHARVA@example.com
24,Anand,Anand@example.com
25,Amazon,Amazon@example.com
26,GHOST,GHOST@example.com
27,Pravin,Pravin@example.com
28,Rishabh,Rishabh@example.com
29,Pratyush,Pratyush@example.com
30,Verified,Verified@example.com
31,Placeholder,Placeholder@example.com
5,Jayesh,Jayesh@example.com
32,Wraith,Wraith@example.com
33,Anmol,Anmol@example.com
34,Abhishek,Abhishek@example.com
35,Koushal,Koushal@example.com
36,Shiva,Shiva@example.com
37,Sameer,Sameer@example.com
0,Manav,Manav@example.com
38,Paul,Paul@example.com
20,$@|\|TO$|-|,$@|\|TO$|-|@example.com
39,Amazon,Amazon@example.com
40,nilesh,nilesh@example.com
10,Rishav,Rishav@example.com
41,MONTY,MONTY@example.com
42,Neeraj,Neeraj@example.com
43,Anonymous,Anonymous@example.com
42,Neeraj,Neeraj@example.com
44,Arun,Arun@example.com
45,Amazon,Amazon@example.com
46,Vipan,Vipan@example.com
47,Jacob.,Jacob.@example.com
8,Azhar,Azhar@example.com
23,ATHARVA,ATHARVA@example.com
48,nisar,nisar@example.com
49,Arun,Arun@example.com
50,Periyasamy,Periyasamy@example.com
51,Binu,Binu@example.com
52,pruthvi,pruthvi@example.com
53,harpreet,harpreet@example.com
54,prateeq,prateeq@example.com
10,Rishav,Rishav@example.com
55,Thenmozhi,Thenmozhi@example.com
56,ARUN,ARUN@example.com
57,Prashant,Prashant@example.com
58,Hremant,Hremant@example.com
59,Ravi,Ravi@example.com
60,Satyanarayana,Satyanarayana@example.com
54,prateeq,prateeq@example.com
61,Vijayan,Vijayan@example.com
62,livin,livin@example.com
63,Gopal,Gopal@example.com
64,Actual,Actual@example.com
65,Nilesh,Nilesh@example.com
66,Vinay,Vinay@example.com
67,Dharminder,Dharminder@example.com
0,Manav,Manav@example.com
20,$@|\|TO$|-|,$@|\|TO$|-|@example.com
68,Naresh,Naresh@example.com
69,𝕵𝖆𝖙𝖎𝖓,𝕵𝖆𝖙𝖎𝖓@example.com
70,Sunil,Sunil@example.com
34,Abhishek,Abhishek@example.com
21,Ayush,Ayush@example.com
51,Binu,Binu@example.com
71,Nadhiyarasan,Nadhiyarasan@example.com
0,Manav,Manav@example.com
72,SQL,SQL@example.com
23,ATHARVA,ATHARVA@example.com
3,Omkar,Omkar@example.com
73,Vivek,Vivek@example.com
74,KIRAN,KIRAN@example.com
75,Mohseen,Mohseen@example.com
76,mohamednathar,mohamednathar@example.com
77,kishore,kishore@example.com
78,MOINUL,MOINUL@example.com
79,Kiran,Kiran@example.com
80,parvinder,parvinder@example.com
81,Ananya,Ananya@example.com
82,Pritam,Pritam@example.com
14,Manoj,Manoj@example.com
83,Pratik,Pratik@example.com
84,sameer,sameer@example.com
0,Manav,Manav@example.com
85,AkashP.,AkashP.@example.com
86,UtdBuzz,UtdBuzz@example.com
5,Jayesh,Jayesh@example.com
87,Ankit,Ankit@example.com
26,GHOST,GHOST@example.com
88,Rishi,Rishi@example.com
62,livin,livin@example.com
89,ravi,ravi@example.com
90,Rathod,Rathod@example.com
91,Anand,Anand@example.com
92,PARVEJ,PARVEJ@example.com
52,pruthvi,pruthvi@example.com
93,SyedShoaib,SyedShoaib@example.com
94,Ganesh,Ganesh@example.com
95,Abhishek,Abhishek@example.com
96,Denzil,Denzil@example.com
97,Ravi,Ravi@example.com
54,prateeq,prateeq@example.com
98,Ranjeet,Ranjeet@example.com
99,Amazon,Amazon@example.com
100,giribabu,giribabu@example.com
101,Swapnil,Swapnil@example.com
102,Madhu,Madhu@example.com
21,Ayush,Ayush@example.com
84,sameer,sameer@example.com
103,Arun,Arun@example.com
104,Amazon,Amazon@example.com
105,Ranjith,Ranjith@example.com
106,Raj,Raj@example.com
31,Placeholder,Placeholder@example.com
107,Mandar,Mandar@example.com
108,Vishal,Vishal@example.com
26,GHOST,GHOST@example.com
109,Abhay,Abhay@example.com
43,Anonymous,Anonymous@example.com
110,Girija,Girija@example.com
8,Azhar,Azhar@example.com
111,Fateh,Fateh@example.com
112,ABHAY,ABHAY@example.com
113,Brian,Brian@example.com
114,Siddhartha,Siddhartha@example.com
115,Mahender,Mahender@example.com
116,Sreejith,Sreejith@example.com
117,CH,CH@example.com
29,Pratyush,Pratyush@example.com
19,Rahman,Rahman@example.com
7,Pavan,Pavan@example.com
118,Akmathambil,Akmathambil@example.com
119,anurag,anurag@example.com
94,Ganesh,Ganesh@example.com
120,Amazon,Amazon@example.com
121,Amazon,Amazon@example.com
122,T,T@example.com
123,Amazon,Amazon@example.com
124,SMG,SMG@example.com
61,Vijayan,Vijayan@example.com
125,Nik,Nik@example.com
126,Khan,Khan@example.com
127,Pinky,Pinky@example.com
83,Pratik,Pratik@example.com
128,MANIK,MANIK@example.com
129,Moon,Moon@example.com
130,Ajinkya,Ajinkya@example.com
131,Shweta,Shweta@example.com
21,Ayush,Ayush@example.com
64,Actual,Actual@example.com
132,Soumya,Soumya@example.com
133,Amazon,Amazon@example.com
134,POTNURU,POTNURU@example.com
20,$@|\|TO$|-|,$@|\|TO$|-|@example.com
109,Abhay,Abhay@example.com
20,$@|\|TO$|-|,$@|\|TO$|-|@example.com
135,ravi,ravi@example.com
136,S,S@example.com
137,Abhirup,Abhirup@example.com
138,Aaditya,Aaditya@example.com
32,Wraith,Wraith@example.com
139,Gaurab,Gaurab@example.com
140,Partha,Partha@example.com
32,Wraith,Wraith@example.com
84,sameer,sameer@example.com
141,Sunil,Sunil@example.com
115,Mahender,Mahender@example.com
45,Amazon,Amazon@example.com
142,Pete25,Pete25@example.com
51,Binu,Binu@example.com
143,Saswat,Saswat@example.com
144,Dr.,Dr.@example.com
145,samarth,samarth@example.com
20,$@|\|TO$|-|,$@|\|TO$|-|@example.com
14,Manoj,Manoj@example.com
146,VM,VM@example.com
147,Raja,Raja@example.com
148,padmaprasaad,padmaprasaad@example.com
149,Angsuman,Angsuman@example.com
150,Srinivas,Srinivas@example.com
151,Surya,Surya@example.com
152,Kakulie,Kakulie@example.com
153,R,R@example.com
154,Seyadhu,Seyadhu@example.com
155,Digvijay,Digvijay@example.com
156,jagadish,jagadish@example.com
157,Amazon,Amazon@example.com
158,Arul,Arul@example.com
159,Amazon,Amazon@example.com
27,Pravin,Pravin@example.com
160,That,That@example.com
161,Sangita,Sangita@example.com
162,Ajay,Ajay@example.com
163,Rashmi,Rashmi@example.com
164,Amjith',Amjith'@example.com
165,Bharanidharan,Bharanidharan@example.com
166,Ajay,Ajay@example.com
0,Manav,Manav@example.com
167,Yamini,Yamini@example.com
168,SNR,SNR@example.com
169,chandra,chandra@example.com
170,Lokesh,Lokesh@example.com
171,Amazon,Amazon@example.com
172,ravindra,ravindra@example.com
173,Rohit,Rohit@example.com
174,Harihara,Harihara@example.com
175,Anubhab,Anubhab@example.com
176,sanjay,sanjay@example.com
177,Amazon,Amazon@example.com
178,Prat,Prat@example.com
179,Rakesh,Rakesh@example.com
145,samarth,samarth@example.com
180,Manoj,Manoj@example.com
181,umakanth,umakanth@example.com
182,saidheeraj,saidheeraj@example.com
183,Ankita,Ankita@example.com
184,HaRshal,HaRshal@example.com
64,Actual,Actual@example.com
124,SMG,SMG@example.com
185,Jayraj,Jayraj@example.com
186,Princey,Princey@example.com
187,Chandu,Chandu@example.com
69,𝕵𝖆𝖙𝖎𝖓,𝕵𝖆𝖙𝖎𝖓@example.com
31,Placeholder,Placeholder@example.com
53,harpreet,harpreet@example.com
188,Aneesh,Aneesh@example.com
189,David,David@example.com
190,Rakesh,Rakesh@example.com
191,hema,hema@example.com
192,Tarun,Tarun@example.com
20,$@|\|TO$|-|,$@|\|TO$|-|@example.com
193,Samadhan,Samadhan@example.com
86,UtdBuzz,UtdBuzz@example.com
194,Arun,Arun@example.com
132,Soumya,Soumya@example.com
3,Omkar,Omkar@example.com
195,DINESHWAR,DINESHWAR@example.com
196,Vikas,Vikas@example.com
70,Sunil,Sunil@example.com
146,VM,VM@example.com
197,Jarlina,Jarlina@example.com
198,Sayan,Sayan@example.com
21,Ayush,Ayush@example.com
199,Amit,Amit@example.com
200,SUSHANT,SUSHANT@example.com
201,meen,meen@example.com
202,Ajay,Ajay@example.com
129,Moon,Moon@example.com
203,Rohit,Rohit@example.com
79,Kiran,Kiran@example.com
204,Ahmad,Ahmad@example.com
205,Praburaj,Praburaj@example.com
206,Amazon,Amazon@example.com
51,Binu,Binu@example.com
207,Sachin,Sachin@example.com
14,Manoj,Manoj@example.com
208,Amazon,Amazon@example.com
209,Mahesh,Mahesh@example.com
210,Mohd,Mohd@example.com
106,Raj,Raj@example.com
212,Rajni,Rajni@example.com
31,Placeholder,Placeholder@example.com
213,Logaraj,Logaraj@example.com
214,Shilpa,Shilpa@example.com
215,Sandip,Sandip@example.com
139,Gaurab,Gaurab@example.com
216,Harish,Harish@example.com
217,saatwik,saatwik@example.com
218,yash,yash@example.com
219,Jitu,Jitu@example.com
220,SOURAV,SOURAV@example.com
221,Abhijit,Abhijit@example.com
186,Princey,Princey@example.com
222,Kalyan,Kalyan@example.com
223,Geeta,Geeta@example.com
224,Chandrabose,Chandrabose@example.com
225,Love,Love@example.com
22,Yashpreet,Yashpreet@example.com
226,Bapuni,Bapuni@example.com
227,Shivakumar,Shivakumar@example.com
228,Suvaraj,Suvaraj@example.com
229,Willgo,Willgo@example.com
230,Mahesh,Mahesh@example.com
231,Pranjal,Pranjal@example.com
232,Ajay,Ajay@example.com
233,Sparrsh,Sparrsh@example.com
14,Manoj,Manoj@example.com
234,Aakaash,Aakaash@example.com
235,Wasim,Wasim@example.com
236,jegadheesan,jegadheesan@example.com
237,Uzair,Uzair@example.com
238,Hemal,Hemal@example.com
239,Baiju.MS,Baiju.MS@example.com
240,BRG,BRG@example.com
241,Manikantan,Manikantan@example.com
242,MATHEW,MATHEW@example.com
243,Naveen..navee,Naveen..navee@example.com
244,MUNIYANDI.,MUNIYANDI.@example.com
245,Partha,Partha@example.com
246,ESAMPALLI,ESAMPALLI@example.com
163,Rashmi,Rashmi@example.com
248,Shankar,Shankar@example.com
230,Mahesh,Mahesh@example.com
237,Uzair,Uzair@example.com
249,Sony,Sony@example.com
250,Amazon,Amazon@example.com
251,Mohammed,Mohammed@example.com
252,Amazon,Amazon@example.com
253,Manoj,Manoj@example.com
254,venkatesh,venkatesh@example.com
255,yogita,yogita@example.com
256,AV,AV@example.com
257,Mahesh,Mahesh@example.com
258,Vaishnavi,Vaishnavi@example.com
259,ASR,ASR@example.com
259,ASR,ASR@example.com
258,Vaishnavi,Vaishnavi@example.com
258,Vaishnavi,Vaishnavi@example.com
260,Prashant,Prashant@example.com
261,Sumit,Sumit@example.com
262,virender,virender@example.com
263,Prasad,Prasad@example.com
264,Sunny,Sunny@example.com
265,Vishnu,Vishnu@example.com
266,Suleman,Suleman@example.com
267,Mahantesh,Mahantesh@example.com
268,Rakesh,Rakesh@example.com
269,tarun,tarun@example.com
260,Prashant,Prashant@example.com
265,Vishnu,Vishnu@example.com
270,Topchi,Topchi@example.com
257,Mahesh,Mahesh@example.com
271,Debanshu,Debanshu@example.com
272,Harsh,Harsh@example.com
273,Ranjitha,Ranjitha@example.com
274,Rahul,Rahul@example.com
275,Atulya,Atulya@example.com
260,Prashant,Prashant@example.com
276,Satheesh,Satheesh@example.com
254,venkatesh,venkatesh@example.com
277,Deepankar,Deepankar@example.com
275,Atulya,Atulya@example.com
278,Amazon,Amazon@example.com
254,venkatesh,venkatesh@example.com
0,Manav,Manav@example.com
279,Roshan,Roshan@example.com
279,Roshan,Roshan@example.com
254,venkatesh,venkatesh@example.com
267,Mahantesh,Mahantesh@example.com
175,Anubhab,Anubhab@example.com
280,Vineet,Vineet@example.com
281,Sanjay,Sanjay@example.com
1,ArdKn,ArdKn@example.com
282,siddharth,siddharth@example.com
2,Kunal,Kunal@example.com
254,venkatesh,venkatesh@example.com
267,Mahantesh,Mahantesh@example.com
283,Amit,Amit@example.com
284,ANURAG,ANURAG@example.com
285,Shyam,Shyam@example.com
255,yogita,yogita@example.com
286,Chandra.g,Chandra.g@example.com
287,Indro,Indro@example.com
288,Akash,Akash@example.com
289,Sankalpa,Sankalpa@example.com
273,Ranjitha,Ranjitha@example.com
256,AV,AV@example.com
3,Omkar,Omkar@example.com
4,rahuls6099,rahuls6099@example.com
290,Goutham,Goutham@example.com
291,Andy,Andy@example.com
292,Shekhar,Shekhar@example.com
293,Soumendra,Soumendra@example.com
294,pawhnai,pawhnai@example.com
276,Satheesh,Satheesh@example.com
269,tarun,tarun@example.com
282,siddharth,siddharth@example.com
295,Bhathresh,Bhathresh@example.com
296,Jayesh,Jayesh@example.com
297,Syed,Syed@example.com
298,Chinmoy,Chinmoy@example.com
259,ASR,ASR@example.com
299,Diamond,Diamond@example.com
300,Isfahan,Isfahan@example.com
276,Satheesh,Satheesh@example.com
301,Dinesh,Dinesh@example.com
275,Atulya,Atulya@example.com
302,Rohan,Rohan@example.com
303,RAMKISAN,RAMKISAN@example.com
262,virender,virender@example.com
304,Chyanika,Chyanika@example.com
293,Soumendra,Soumendra@example.com
305,Vikrant,Vikrant@example.com
6,Vivek,Vivek@example.com
276,Satheesh,Satheesh@example.com
306,archit,archit@example.com
256,AV,AV@example.com
7,Pavan,Pavan@example.com
1,ArdKn,ArdKn@example.com
307,Dongay,Dongay@example.com
276,Satheesh,Satheesh@example.com
308,Velir,Velir@example.com
309,Meghnad,Meghnad@example.com
9,Tanya,Tanya@example.com
287,Indro,Indro@example.com
310,Samar,Samar@example.com
311,paul,paul@example.com
312,Santosh,Santosh@example.com
313,Ajit,Ajit@example.com
282,siddharth,siddharth@example.com
282,siddharth,siddharth@example.com
287,Indro,Indro@example.com
314,Tanu,Tanu@example.com
315,Sethu,Sethu@example.com
316,Aditya,Aditya@example.com
257,Mahesh,Mahesh@example.com
262,virender,virender@example.com
282,siddharth,siddharth@example.com
3,Omkar,Omkar@example.com
303,RAMKISAN,RAMKISAN@example.com
276,Satheesh,Satheesh@example.com
286,Chandra.g,Chandra.g@example.com
317,Abdul,Abdul@example.com
318,Ankita,Ankita@example.com
262,virender,virender@example.com
319,Thukkaram,Thukkaram@example.com
320,sarangam,sarangam@example.com
321,Suhail,Suhail@example.com
278,Amazon,Amazon@example.com
11,Priya,Priya@example.com
322,Rajasekhar,Rajasekhar@example.com
12,Deepaak,Deepaak@example.com
263,Prasad,Prasad@example.com
256,AV,AV@example.com
323,VK,VK@example.com
324,Ishwar,Ishwar@example.com
325,Jeeshan,Jeeshan@example.com
326,App,App@example.com
327,anurag,anurag@example.com
13,Birendra,Birendra@example.com
278,Amazon,Amazon@example.com
328,Ranit,Ranit@example.com
17,Prasannavijayaraghavan,Prasannavijayaraghavan@example.com
329,Prabhat,Prabhat@example.com
265,Vishnu,Vishnu@example.com
1,ArdKn,ArdKn@example.com
330,Sweta,Sweta@example.com
331,Rohan,Rohan@example.com
279,Roshan,Roshan@example.com
332,Anirban,Anirban@example.com
333,Deepak,Deepak@example.com
334,Shaik,Shaik@example.com
335,jagdish,jagdish@example.com
20,$@|\|TO$|-|,$@|\|TO$|-|@example.com
264,Sunny,Sunny@example.com
336,Sneha,Sneha@example.com
276,Satheesh,Satheesh@example.com
336,Sneha,Sneha@example.com
337,Rajan,Rajan@example.com
277,Deepankar,Deepankar@example.com
338,Santosh,Santosh@example.com
20,$@|\|TO$|-|,$@|\|TO$|-|@example.com
339,ANUSAYA,ANUSAYA@example.com
340,Unknown,Unknown@example.com
282,siddharth,siddharth@example.com
341,dhruvi,dhruvi@example.com
342,Kindle,Kindle@example.com
327,anurag,anurag@example.com
343,PTS,PTS@example.com
344,Ajit,Ajit@example.com
345,Gojo,Gojo@example.com
263,Prasad,Prasad@example.com
319,Thukkaram,Thukkaram@example.com
346,Kranti,Kranti@example.com
347,Kapil,Kapil@example.com
319,Thukkaram,Thukkaram@example.com
309,Meghnad,Meghnad@example.com
348,Amazon,Amazon@example.com
349,Amazon,Amazon@example.com
25,Amazon,Amazon@example.com
350,Mukul,Mukul@example.com
327,anurag,anurag@example.com
260,Prashant,Prashant@example.com
255,yogita,yogita@example.com
309,Meghnad,Meghnad@example.com
351,Vishal,Vishal@example.com
347,Kapil,Kapil@example.com
352,Amazon,Amazon@example.com
353,SYED,SYED@example.com
296,Jayesh,Jayesh@example.com
354,Amazon,Amazon@example.com
322,Rajasekhar,Rajasekhar@example.com
274,Rahul,Rahul@example.com
32,Wraith,Wraith@example.com
355,Bristidev,Bristidev@example.com
356,Kirti,Kirti@example.com
338,Santosh,Santosh@example.com
357,dhruvi,dhruvi@example.com
328,Ranit,Ranit@example.com
358,Sean,Sean@example.com
326,App,App@example.com
359,Arijit,Arijit@example.com
360,Amazon,Amazon@example.com
361,Prashant,Prashant@example.com
362,Sheetal,Sheetal@example.com
363,Bipul,Bipul@example.com
364,Saunak,Saunak@example.com
347,Kapil,Kapil@example.com
365,Subhra,Subhra@example.com
366,Rajkumar,Rajkumar@example.com
367,shiv,shiv@example.com
368,Sagar,Sagar@example.com
260,Prashant,Prashant@example.com
369,Manoj,Manoj@example.com
370,Vishal,Vishal@example.com
44,Arun,Arun@example.com
371,Shyam,Shyam@example.com
372,Gourab,Gourab@example.com
373,Krishna,Krishna@example.com
374,Ashish,Ashish@example.com
375,dk,dk@example.com
376,Jigar,Jigar@example.com
377,Placeholder,Placeholder@example.com
378,Ram,Ram@example.com
379,Richard,Richard@example.com
380,Gourav,Gourav@example.com
381,Rajesh,Rajesh@example.com
382,shaan,shaan@example.com
383,Shanti,Shanti@example.com
309,Meghnad,Meghnad@example.com
384,Rajat,Rajat@example.com
310,Samar,Samar@example.com
385,Mihir,Mihir@example.com
386,N.,N.@example.com
274,Rahul,Rahul@example.com
387,Sudhir,Sudhir@example.com
388,vivek,vivek@example.com
58,Hremant,Hremant@example.com
389,Dileep,Dileep@example.com
61,Vijayan,Vijayan@example.com
355,Bristidev,Bristidev@example.com
279,Roshan,Roshan@example.com
390,Debasish,Debasish@example.com
391,Mohammed,Mohammed@example.com
63,Gopal,Gopal@example.com
64,Actual,Actual@example.com
392,Sujili,Sujili@example.com
393,PREMAL,PREMAL@example.com
394,Ranjitha,Ranjitha@example.com
280,Vineet,Vineet@example.com
395,Prabhanjan,Prabhanjan@example.com
396,Harshwardhan,Harshwardhan@example.com
397,Neeraj,Neeraj@example.com
398,Suresh,Suresh@example.com
399,Adwait,Adwait@example.com
334,Shaik,Shaik@example.com
276,Satheesh,Satheesh@example.com
400,narsatya,narsatya@example.com
401,Ak,Ak@example.com
269,tarun,tarun@example.com
402,Anindya,Anindya@example.com
255,yogita,yogita@example.com
256,AV,AV@example.com
403,RAJIV,RAJIV@example.com
404,Anand,Anand@example.com
405,Udayakumar,Udayakumar@example.com
406,Anindya,Anindya@example.com
407,Amazon,Amazon@example.com
260,Prashant,Prashant@example.com
261,Sumit,Sumit@example.com
408,Punyabrata,Punyabrata@example.com
409,G,G@example.com
410,LAKSHMI,LAKSHMI@example.com
264,Sunny,Sunny@example.com
411,Deepanshu,Deepanshu@example.com
412,Aby,Aby@example.com
413,Pooja,Pooja@example.com
414,Happy,Happy@example.com
268,Rakesh,Rakesh@example.com
415,Varun,Varun@example.com
416,Shridhan,Shridhan@example.com
417,Sandip,Sandip@example.com
394,Ranjitha,Ranjitha@example.com
274,Rahul,Rahul@example.com
418,ArdKn,ArdKn@example.com
419,Minhaj,Minhaj@example.com
420,Deepankar,Deepankar@example.com
421,Mohammad,Mohammad@example.com
422,Sameer,Sameer@example.com
0,Manav,Manav@example.com
423,Gopinathan,Gopinathan@example.com
424,Gatij,Gatij@example.com
425,Amit,Amit@example.com
426,Sameer,Sameer@example.com
280,Vineet,Vineet@example.com
427,Clifford,Clifford@example.com
428,Harsh,Harsh@example.com
1,ArdKn,ArdKn@example.com
2,Kunal,Kunal@example.com
429,Sanjay,Sanjay@example.com
430,Pallavi,Pallavi@example.com
431,IC,IC@example.com
432,Wilson,Wilson@example.com
3,Omkar,Omkar@example.com
433,HARDIK,HARDIK@example.com
434,Mananveer,Mananveer@example.com
435,Ruman,Ruman@example.com
4,rahuls6099,rahuls6099@example.com
436,Akash,Akash@example.com
291,Andy,Andy@example.com
292,Shekhar,Shekhar@example.com
437,Srikar,Srikar@example.com
438,Vajrala,Vajrala@example.com
439,Amazon,Amazon@example.com
440,Tanu,Tanu@example.com
441,A.,A.@example.com
442,Rashmi,Rashmi@example.com
5,Jayesh,Jayesh@example.com
443,Devendra,Devendra@example.com
299,Diamond,Diamond@example.com
444,Selva,Selva@example.com
445,Brijesh,Brijesh@example.com
446,Kevin,Kevin@example.com
447,Gopinadh.P,Gopinadh.P@example.com
448,Vivek,Vivek@example.com
449,Manish,Manish@example.com
450,Dhiraj,Dhiraj@example.com
451,Safiya,Safiya@example.com
452,muhamad,muhamad@example.com
453,Dhirendar,Dhirendar@example.com
454,V.W.,V.W.@example.com
455,Mukesh,Mukesh@example.com
305,Vikrant,Vikrant@example.com
6,Vivek,Vivek@example.com
456,Jojo,Jojo@example.com
457,Avnish,Avnish@example.com
458,Reetu,Reetu@example.com
459,Shraddha,Shraddha@example.com
460,Pratyush,Pratyush@example.com
461,Ananthu,Ananthu@example.com
462,Kishor,Kishor@example.com
463,vasanth,vasanth@example.com
464,Sagarjit,Sagarjit@example.com
7,Pavan,Pavan@example.com
465,Saikat,Saikat@example.com
466,Sandeep,Sandeep@example.com
467,Pranav,Pranav@example.com
308,Velir,Velir@example.com
9,Tanya,Tanya@example.com
468,Malik,Malik@example.com
469,soma,soma@example.com
470,Amita,Amita@example.com
306,archit,archit@example.com
471,Divya,Divya@example.com
472,Genuine,Genuine@example.com
473,ram,ram@example.com
474,Hariom,Hariom@example.com
475,Rahil,Rahil@example.com
476,Kshitij,Kshitij@example.com
10,Rishav,Rishav@example.com
477,Anirban,Anirban@example.com
313,Ajit,Ajit@example.com
478,Wajiha,Wajiha@example.com
479,Rameez,Rameez@example.com
11,Priya,Priya@example.com
480,Alif,Alif@example.com
481,Noble,Noble@example.com
12,Deepaak,Deepaak@example.com
482,Arun,Arun@example.com
483,Ankita,Ankita@example.com
484,Naga,Naga@example.com
485,Hrishikesh,Hrishikesh@example.com
486,kishorekr,kishorekr@example.com
487,Joel,Joel@example.com
13,Birendra,Birendra@example.com
17,Prasannavijayaraghavan,Prasannavijayaraghavan@example.com
488,Satya,Satya@example.com
489,Ghazal,Ghazal@example.com
490,Nidhi,Nidhi@example.com
332,Anirban,Anirban@example.com
491,Kshitij,Kshitij@example.com
492,Achint,Achint@example.com
493,Aadi,Aadi@example.com
494,Amazon,Amazon@example.com
495,Mr.,Mr.@example.com
496,Ravi,Ravi@example.com
497,suraj,suraj@example.com
498,Bhuwaneshwar,Bhuwaneshwar@example.com
324,Ishwar,Ishwar@example.com
16,NIRMAL.N,NIRMAL.N@example.com
499,lucky,lucky@example.com
500,Amazonnig,Amazonnig@example.com
501,Siddharth,Siddharth@example.com
502,Neeraj,Neeraj@example.com
503,Maxrock89,Maxrock89@example.com
504,Narasimha,Narasimha@example.com
505,T,T@example.com
18,aditya,aditya@example.com
19,Rahman,Rahman@example.com
506,Uday,Uday@example.com
342,Kindle,Kindle@example.com
507,Hamsavarthini,Hamsavarthini@example.com
20,$@|\|TO$|-|,$@|\|TO$|-|@example.com
508,Souradip,Souradip@example.com
509,RAHUL,RAHUL@example.com
510,Murali,Murali@example.com
22,Yashpreet,Yashpreet@example.com
511,Dakshvir,Dakshvir@example.com
512,Shafeer,Shafeer@example.com
513,Chandrashekar,Chandrashekar@example.com
338,Santosh,Santosh@example.com
514,Vaishnavi,Vaishnavi@example.com
515,Abhishek,Abhishek@example.com
516,Jasmeen,Jasmeen@example.com
517,Dipu,Dipu@example.com
336,Sneha,Sneha@example.com
518,Arun,Arun@example.com
519,Abhi_K,Abhi_K@example.com
520,Amazon,Amazon@example.com
521,Dilip,Dilip@example.com
351,Vishal,Vishal@example.com
522,aravind,aravind@example.com
523,Suraj,Suraj@example.com
524,Ansh,Ansh@example.com
525,Rajesh,Rajesh@example.com
526,Amazon,Amazon@example.com
527,Prasad,Prasad@example.com
528,A,A@example.com
529,Vaibhav,Vaibhav@example.com
530,Yesha,Yesha@example.com
531,SRI,SRI@example.com
532,Jagrat,Jagrat@example.com
533,Kindle,Kindle@example.com
534,Omar,Omar@example.com
535,Anirban,Anirban@example.com
536,Arnav,Arnav@example.com
537,Aksa,Aksa@example.com
538,Annan,Annan@example.com
539,Kshanik,Kshanik@example.com
540,Sanjeev,Sanjeev@example.com
541,Diksha,Diksha@example.com
345,Gojo,Gojo@example.com
542,Divya,Divya@example.com
24,Anand,Anand@example.com
543,Parenky,Parenky@example.com
544,Pranjall,Pranjall@example.com
26,GHOST,GHOST@example.com
545,Afrina,Afrina@example.com
546,Anand,Anand@example.com
547,Sean,Sean@example.com
548,Rambeer,Rambeer@example.com
549,Riz,Riz@example.com
550,KNReddy,KNReddy@example.com
551,Ankita,Ankita@example.com
552,Deepak,Deepak@example.com
553,Guhan,Guhan@example.com
554,Yogeshwaran,Yogeshwaran@example.com
555,Swapnil,Swapnil@example.com
556,ABHISHEK,ABHISHEK@example.com
25,Amazon,Amazon@example.com
557,Karthik,Karthik@example.com
558,shree,shree@example.com
559,shiv,shiv@example.com
560,Bikki,Bikki@example.com
561,Surendra,Surendra@example.com
562,MOHD,MOHD@example.com
563,Harsha,Harsha@example.com
564,Sharon,Sharon@example.com
565,Dr.,Dr.@example.com
566,Ariz,Ariz@example.com
567,Aniket,Aniket@example.com
568,Kalpesh,Kalpesh@example.com
569,Abraham,Abraham@example.com
570,Jrs,Jrs@example.com
571,Ayan,Ayan@example.com
572,ˢᴰ82ˢᶜ,ˢᴰ82ˢᶜ@example.com
573,Parul,Parul@example.com
27,Pravin,Pravin@example.com
574,Atul,Atul@example.com
575,VSMS,VSMS@example.com
576,Ehsan,Ehsan@example.com
577,Meghana,Meghana@example.com
578,HIREN,HIREN@example.com
579,kashif,kashif@example.com
580,Subramanian,Subramanian@example.com
581,Shaikh,Shaikh@example.com
582,Nafisa,Nafisa@example.com
583,Nayeem,Nayeem@example.com
584,Vibhor,Vibhor@example.com
585,f1rstmehul,f1rstmehul@example.com
586,Amazon,Amazon@example.com
587,Asraful,Asraful@example.com
588,Uthiranathan,Uthiranathan@example.com
28,Rishabh,Rishabh@example.com
589,Mastercard,Mastercard@example.com
590,Jayaprakash,Jayaprakash@example.com
591,abhilash,abhilash@example.com
592,Nikhil,Nikhil@example.com
29,Pratyush,Pratyush@example.com
593,JAYASHANKAR,JAYASHANKAR@example.com
594,Deepak,Deepak@example.com
595,Sonubhai,Sonubhai@example.com
596,siddhi,siddhi@example.com
597,Sancha,Sancha@example.com
598,Chetan,Chetan@example.com
599,Jaldeep,Jaldeep@example.com
600,Rajesh,Rajesh@example.com
601,K.,K.@example.com
30,Verified,Verified@example.com
602,Dip,Dip@example.com
603,Rajendra,Rajendra@example.com
31,Placeholder,Placeholder@example.com
604,अशोक,अशोक@example.com
605,Kohana,Kohana@example.com
32,Wraith,Wraith@example.com
33,Anmol,Anmol@example.com
606,vinu,vinu@example.com
607,Manish,Manish@example.com
608,Vignesh,Vignesh@example.com
609,Balamurugan,Balamurugan@example.com
610,Rakesh,Rakesh@example.com
611,varshini,varshini@example.com
612,Satish,Satish@example.com
613,Neha,Neha@example.com
614,Aditya,Aditya@example.com
615,Parul,Parul@example.com
35,Koushal,Koushal@example.com
36,Shiva,Shiva@example.com
616,Ravi,Ravi@example.com
617,Shahul,Shahul@example.com
618,zain,zain@example.com
619,Sthith,Sthith@example.com
39,Amazon,Amazon@example.com
620,Madhusmita,Madhusmita@example.com
621,Miki,Miki@example.com
622,Kulasekaranslrk,Kulasekaranslrk@example.com
623,TASAVUR,TASAVUR@example.com
624,Sasmita,Sasmita@example.com
625,Digvijay,Digvijay@example.com
626,Aadil,Aadil@example.com
627,Saksham,Saksham@example.com
628,Manas,Manas@example.com
629,Satish,Satish@example.com
630,Somya,Somya@example.com
38,Paul,Paul@example.com
631,Dinesh,Dinesh@example.com
632,🤘🏻🤘🏻,🤘🏻🤘🏻@example.com
633,Anshula,Anshula@example.com
634,Nikhil,Nikhil@example.com
635,Omm....,Omm....@example.com
636,Aparna,Aparna@example.com
637,Chandrajeet,Chandrajeet@example.com
638,Sheikh,Sheikh@example.com
639,ghost,ghost@example.com
640,Nikhil,Nikhil@example.com
641,BhavenW,BhavenW@example.com
40,nilesh,nilesh@example.com
642,Manish,Manish@example.com
643,(sic),(sic)@example.com
644,Vigi,Vigi@example.com
42,Neeraj,Neeraj@example.com
645,Awesome,Awesome@example.com
646,Daisy,Daisy@example.com
370,Vishal,Vishal@example.com
647,Navdeep,Navdeep@example.com
648,Devarajan,Devarajan@example.com
649,Amos,Amos@example.com
650,SHAHID,SHAHID@example.com
651,Karthick,Karthick@example.com
43,Anonymous,Anonymous@example.com
652,Vijaya,Vijaya@example.com
653,muntasir,muntasir@example.com
654,Hitesh,Hitesh@example.com
44,Arun,Arun@example.com
655,Amazon,Amazon@example.com
656,Vignesh,Vignesh@example.com
381,Rajesh,Rajesh@example.com
657,Ramana,Ramana@example.com
658,Dr,Dr@example.com
659,Abhilasha,Abhilasha@example.com
660,T.Sharanvelan,T.Sharanvelan@example.com
661,Deepthi,Deepthi@example.com
662,Bazil,Bazil@example.com
46,Vipan,Vipan@example.com
663,Koustav,Koustav@example.com
367,shiv,shiv@example.com
664,Amol,Amol@example.com
665,SUPER,SUPER@example.com
666,Suraj,Suraj@example.com
667,Amaan,Amaan@example.com
668,RajendraK,RajendraK@example.com
669,Vijay,Vijay@example.com
670,Aditya,Aditya@example.com
368,Sagar,Sagar@example.com
671,Fardeen,Fardeen@example.com
672,AmazonCustomermh7790,AmazonCustomermh7790@example.com
673,Prasad,Prasad@example.com
674,Srikkanth,Srikkanth@example.com
675,Ashraf,Ashraf@example.com
676,Aradhna,Aradhna@example.com
48,nisar,nisar@example.com
677,Akhil,Akhil@example.com
678,Amazon,Amazon@example.com
49,Arun,Arun@example.com
679,Rajesh,Rajesh@example.com
680,Tech,Tech@example.com
681,Kanta,Kanta@example.com
682,Prince,Prince@example.com
683,Aditya,Aditya@example.com
684,Santosh,Santosh@example.com
685,Naresh,Naresh@example.com
686,Pranav,Pranav@example.com
78,MOINUL,MOINUL@example.com
52,pruthvi,pruthvi@example.com
687,Siddhesh,Siddhesh@example.com
688,Selva,Selva@example.com
689,madhu,madhu@example.com
690,RUPESH,RUPESH@example.com
53,harpreet,harpreet@example.com
84,sameer,sameer@example.com
691,Nagarjuna,Nagarjuna@example.com
692,Naveenkumar.K,Naveenkumar.K@example.com
693,Javid,Javid@example.com
694,Shibendra,Shibendra@example.com
695,KS,KS@example.com
696,Ayush,Ayush@example.com
697,Abhay,Abhay@example.com
698,Certified,Certified@example.com
54,prateeq,prateeq@example.com
699,Amazon,Amazon@example.com
700,Good,Good@example.com
701,Josh,Josh@example.com
60,Satyanarayana,Satyanarayana@example.com
702,S.mohan,S.mohan@example.com
310,Samar,Samar@example.com
703,Saurabh,Saurabh@example.com
704,Joel,Joel@example.com
382,shaan,shaan@example.com
705,pushpendra,pushpendra@example.com
706,Madhav,Madhav@example.com
707,Sreelal,Sreelal@example.com
708,Padmanabhan,Padmanabhan@example.com
709,Evangelyssa,Evangelyssa@example.com
55,Thenmozhi,Thenmozhi@example.com
710,Rudra,Rudra@example.com
711,Hayat,Hayat@example.com
712,Anwesh,Anwesh@example.com
713,p,p@example.com
714,Ashish,Ashish@example.com
58,Hremant,Hremant@example.com
715,Yugandhar,Yugandhar@example.com
716,&,&@example.com
717,Neeraj,Neeraj@example.com
718,RISHABH,RISHABH@example.com
59,Ravi,Ravi@example.com
719,Abhiram,Abhiram@example.com
720,rajiv,rajiv@example.com
721,Dhineshkumar,Dhineshkumar@example.com
61,Vijayan,Vijayan@example.com
722,Jayanta,Jayanta@example.com
62,livin,livin@example.com
723,IAMSRK,IAMSRK@example.com
724,Dilip,Dilip@example.com
725,Indrani,Indrani@example.com
726,Amol,Amol@example.com
63,Gopal,Gopal@example.com
727,Geetanshu,Geetanshu@example.com
64,Actual,Actual@example.com
728,Abhay,Abhay@example.com
729,Kamaldeep,Kamaldeep@example.com
730,Mohammad,Mohammad@example.com
731,hrithik,hrithik@example.com
732,Dhruv,Dhruv@example.com
733,Basim,Basim@example.com
734,Devashish,Devashish@example.com
66,Vinay,Vinay@example.com
735,Surajit,Surajit@example.com
736,a.john,a.john@example.com
737,Lingaraj,Lingaraj@example.com
738,Amit,Amit@example.com
739,Rayees,Rayees@example.com
740,Prabakaran,Prabakaran@example.com
392,Sujili,Sujili@example.com
741,Sachin,Sachin@example.com
742,Ashwin,Ashwin@example.com
70,Sunil,Sunil@example.com
743,jatin.,jatin.@example.com
744,Md,Md@example.com
745,SUBODH,SUBODH@example.com
746,Mb,Mb@example.com
747,Sayan,Sayan@example.com
748,ESWARAN,ESWARAN@example.com
401,Ak,Ak@example.com
71,Nadhiyarasan,Nadhiyarasan@example.com
72,SQL,SQL@example.com
749,Bhawna,Bhawna@example.com
750,Sreekumar,Sreekumar@example.com
751,ba_doh,ba_doh@example.com
752,Sudesh,Sudesh@example.com
753,Amazon,Amazon@example.com
754,vipul,vipul@example.com
755,Anurag,Anurag@example.com
756,Akil,Akil@example.com
757,Harshit,Harshit@example.com
758,Sib,Sib@example.com
759,Shanu,Shanu@example.com
760,dgp,dgp@example.com
761,Amazon,Amazon@example.com
762,Vikash,Vikash@example.com
763,Jagroop,Jagroop@example.com
764,Sandeep,Sandeep@example.com
765,iVan,iVan@example.com
766,Chittibabu,Chittibabu@example.com
767,Om,Om@example.com
768,Amazon,Amazon@example.com
769,S,S@example.com
770,neeraj,neeraj@example.com
771,Pranesh,Pranesh@example.com
772,manoj,manoj@example.com
773,Arijit,Arijit@example.com
774,shardendu,shardendu@example.com
775,Suri,Suri@example.com
776,Mithila,Mithila@example.com
777,Kiran,Kiran@example.com
778,divya,divya@example.com
779,Amazon,Amazon@example.com
780,RAMEN,RAMEN@example.com
781,Vikash,Vikash@example.com
782,Swapnil,Swapnil@example.com
783,koustav,koustav@example.com
784,Sachin,Sachin@example.com
785,Neeraj,Neeraj@example.com
786,L,L@example.com
787,Nirupma,Nirupma@example.com
788,Amresh,Amresh@example.com
789,dharshnaselvan,dharshnaselvan@example.com
790,manmeet,manmeet@example.com
791,Vipin,Vipin@example.com
792,Rajesh,Rajesh@example.com
793,Icu,Icu@example.com
794,Arun,Arun@example.com
795,videv,videv@example.com
796,ANIL.,ANIL.@example.com
797,Lakshminarayana,Lakshminarayana@example.com
798,Sivakrishna,Sivakrishna@example.com
799,Avi,Avi@example.com
800,Shaji,Shaji@example.com
801,Liz,Liz@example.com
802,Hariom,Hariom@example.com
803,Usha,Usha@example.com
804,BISHAL,BISHAL@example.com
805,Ishan,Ishan@example.com
806,Phani,Phani@example.com
807,Ram,Ram@example.com
808,SANDEEP,SANDEEP@example.com
809,Rajiv,Rajiv@example.com
810,Abhilash,Abhilash@example.com
811,Aravind,Aravind@example.com
812,ll,ll@example.com
813,Ocean,Ocean@example.com
814,hufriya,hufriya@example.com
815,Madhuri,Madhuri@example.com
816,Amazon,Amazon@example.com
817,Atharva,Atharva@example.com
818,Kulsoom,Kulsoom@example.com
819,SELVA,SELVA@example.com
820,alok,alok@example.com
821,ZenGirl,ZenGirl@example.com
822,Prashant,Prashant@example.com
823,Prathiba,Prathiba@example.com
824,Md,Md@example.com
825,Ananya,Ananya@example.com
826,Sathish,Sathish@example.com
827,vaneesha,vaneesha@example.com
828,Robin,Robin@example.com
829,SURAJ,SURAJ@example.com
830,Vicky,Vicky@example.com
831,Deepak,Deepak@example.com
832,Vivek,Vivek@example.com
833,Vikas,Vikas@example.com
834,Samrat,Samrat@example.com
835,Monika,Monika@example.com
836,Sneha,Sneha@example.com
837,Aditi,Aditi@example.com
838,Balaji,Balaji@example.com
839,Raunak,Raunak@example.com
840,Joydeep,Joydeep@example.com
841,ARCHANA,ARCHANA@example.com
842,Bala,Bala@example.com
843,TK,TK@example.com
844,niket,niket@example.com
845,ruhi,ruhi@example.com
846,Rohit,Rohit@example.com
847,NARENDRA,NARENDRA@example.com
848,Kewal,Kewal@example.com
849,Jyoti,Jyoti@example.com
850,Anjali,Anjali@example.com
851,Partha,Partha@example.com
852,Annonymous,Annonymous@example.com
853,Aam,Aam@example.com
854,Soorya,Soorya@example.com
855,Amazon,Amazon@example.com
856,Dr.,Dr.@example.com
857,Abha,Abha@example.com
858,Suryaranjan,Suryaranjan@example.com
859,Prabhat,Prabhat@example.com
860,Tan,Tan@example.com
861,Ekambaram,Ekambaram@example.com
862,K,K@example.com
863,manisha,manisha@example.com
864,MEWT,MEWT@example.com
865,Rohit,Rohit@example.com
866,Pooja,Pooja@example.com
867,Raj,Raj@example.com
868,Ashish,Ashish@example.com
869,Priyanka,Priyanka@example.com
870,⚡,⚡@example.com
871,Shiv,Shiv@example.com
872,gowtham,gowtham@example.com
873,Rakesh,Rakesh@example.com
874,Yogita,Yogita@example.com
875,santosh,santosh@example.com
876,Shreya,Shreya@example.com
877,Vikram,Vikram@example.com
878,kanwar,kanwar@example.com
879,Rahul,Rahul@example.com
880,Rohan,Rohan@example.com
881,Durga,Durga@example.com
882,Priya,Priya@example.com
883,Vayun,Vayun@example.com
884,R.Ravinder,R.Ravinder@example.com
885,Smithil,Smithil@example.com
886,Arivazhagan,Arivazhagan@example.com
887,Neha,Neha@example.com
888,Samson,Samson@example.com
889,SARAN,SARAN@example.com
890,Swathi,Swathi@example.com
891,Akash,Akash@example.com
892,Vivek,Vivek@example.com
893,tarun,tarun@example.com
894,Naitik,Naitik@example.com
895,Amazon,Amazon@example.com
896,Ulhas,Ulhas@example.com
897,Amandeep,Amandeep@example.com
898,Rattan,Rattan@example.com
899,Shahnawaz,Shahnawaz@example.com
900,Alpana,Alpana@example.com
901,9848023076,9848023076@example.com
902,Anon,Anon@example.com
903,Mahesh,Mahesh@example.com
904,Rahul,Rahul@example.com
905,Nidha,Nidha@example.com
906,Amisha,Amisha@example.com
907,Nasim,Nasim@example.com
908,Shahul,Shahul@example.com
909,Krishnakumar,Krishnakumar@example.com
910,Aisha,Aisha@example.com
911,Dhatwalia,Dhatwalia@example.com
912,Dharmender,Dharmender@example.com
913,Ravi,Ravi@example.com
914,deepak,deepak@example.com
915,Ms,Ms@example.com
916,Tapan,Tapan@example.com
917,Shravan,Shravan@example.com
918,Amazon,Amazon@example.com
919,Rahul,Rahul@example.com
920,Ponnuri,Ponnuri@example.com
921,Gulshan,Gulshan@example.com
922,Priti,Priti@example.com
923,Priti,Priti@example.com
924,vignesh,vignesh@example.com
925,Amit,Amit@example.com
926,Ruhi,Ruhi@example.com
927,Mahenddhra,Mahenddhra@example.com
928,SUNIL,SUNIL@example.com
929,S.Anbarasan,S.Anbarasan@example.com
930,Amazon,Amazon@example.com
931,I,I@example.com
932,Lipsy,Lipsy@example.com
933,sharad,sharad@example.com
934,JAYAPRAKASH,JAYAPRAKASH@example.com
935,Shubhajeet,Shubhajeet@example.com
936,Aditya,Aditya@example.com
937,Ajay,Ajay@example.com
938,Tanveer,Tanveer@example.com
939,Sandesh,Sandesh@example.com
940,Naveen,Naveen@example.com
941,tamilarasi,tamilarasi@example.com
942,Learning,Learning@example.com
943,S.saravanan,S.saravanan@example.com
944,Vikram,Vikram@example.com
945,Kindle,Kindle@example.com
946,Tushar,Tushar@example.com
947,alok,alok@example.com
948,Subanathan,Subanathan@example.com
949,Adwait,Adwait@example.com
950,manian,manian@example.com
951,Dinesh,Dinesh@example.com
952,123MovieTime,123MovieTime@example.com
953,Trusted,Trusted@example.com
954,Axis,Axis@example.com
955,shammi,shammi@example.com
956,Durgaprasad,Durgaprasad@example.com
957,Gajendra,Gajendra@example.com
958,Dev,Dev@example.com
959,Virjesh,Virjesh@example.com
960,SATENDRA,SATENDRA@example.com
961,Amazon,Amazon@example.com
962,Syed,Syed@example.com
963,Prasad,Prasad@example.com
964,Vysh,Vysh@example.com
965,Gopal,Gopal@example.com
966,Amit,Amit@example.com
967,Q,Q@example.com
968,Sri,Sri@example.com
969,Rachna,Rachna@example.com
970,S,S@example.com
971,Nadeem,Nadeem@example.com
972,Manya,Manya@example.com
973,Nadia,Nadia@example.com
974,Sharfuddin,Sharfuddin@example.com
975,XYZ,XYZ@example.com
976,Jagdeep,Jagdeep@example.com
977,Aliahmed,Aliahmed@example.com
978,devadas,devadas@example.com
979,Angel👼,Angel👼@example.com
980,Kavya,Kavya@example.com
981,M,M@example.com
982,ajaydreamer,ajaydreamer@example.com
983,Renu,Renu@example.com
984,Vaibhav,Vaibhav@example.com
985,MANEESH,MANEESH@example.com
986,shiny,shiny@example.com
987,Customer,Customer@example.com
988,ABC,ABC@example.com
989,Manish,Manish@example.com
990,Lachhu,Lachhu@example.com
991,Rahul,Rahul@example.com
992,Chesin,Chesin@example.com
993,Yogesh,Yogesh@example.com
994,Chittaranjan,Chittaranjan@example.com
995,Rajeev,Rajeev@example.com
996,Reena,Reena@example.com
997,Amazon,Amazon@example.com
998,asha,asha@example.com
999,bharath,bharath@example.com
1000,Khush,Khush@example.com
1001,Lokesh,Lokesh@example.com
1002,ANILKUMAR,ANILKUMAR@example.com
1003,Anshuk,Anshuk@example.com
1004,Nitin,Nitin@example.com
1005,AV,AV@example.com
1006,Amazon,Amazon@example.com
1007,Aryan,Aryan@example.com
1009,Tabassum,Tabassum@example.com
1010,ASIF,ASIF@example.com
1011,Alok,Alok@example.com
1012,Jignesh,Jignesh@example.com
1013,Srishty,Srishty@example.com
1014,Sunny,Sunny@example.com
1015,Yashvant,Yashvant@example.com
1016,David,David@example.com
1017,Arjun,Arjun@example.com
1018,Manish,Manish@example.com
1019,Subhajit,Subhajit@example.com
1020,Kanwar,Kanwar@example.com
1021,Vivek,Vivek@example.com
1022,Chanchal,Chanchal@example.com
1023,Amit,Amit@example.com
1024,Ravi,Ravi@example.com
1025,Ravinder,Ravinder@example.com
1026,A.sh,A.sh@example.com
1027,vipin,vipin@example.com
1028,nikhil,nikhil@example.com
1029,vaibhav,vaibhav@example.com
1030,Amazon,Amazon@example.com
1031,Bharath,Bharath@example.com
1032,9640185788,9640185788@example.com
1033,Sunil,Sunil@example.com
1034,Sachin,Sachin@example.com
1035,Jaydeep,Jaydeep@example.com
1036,Shivraj,Shivraj@example.com
1037,Vasanta,Vasanta@example.com
1038,Manidipa,Manidipa@example.com
1039,PK,PK@example.com
1040,Dhamotharan,Dhamotharan@example.com
1041,Surya,Surya@example.com
1042,Vishnu,Vishnu@example.com
1043,Amazon,Amazon@example.com
1044,Ritika,Ritika@example.com
1045,deepika,deepika@example.com
1046,Bobby,Bobby@example.com
1047,Gopal,Gopal@example.com
1048,Aniket,Aniket@example.com
1049,Nishant,Nishant@example.com
1050,VINAY,VINAY@example.com
1051,Sheetal,Sheetal@example.com
1052,prem,prem@example.com
1053,Shiva,Shiva@example.com
1054,Shivang,Shivang@example.com
1055,Kindle,Kindle@example.com
1056,Nipurn,Nipurn@example.com
1057,Aniruddha,Aniruddha@example.com
1058,Anshika,Anshika@example.com
1059,NIKITA,NIKITA@example.com
1060,Mukta,Mukta@example.com
1061,JASWANTSINGH,JASWANTSINGH@example.com
1062,Boo,Boo@example.com
1063,GB,GB@example.com
1064,Hem,Hem@example.com
1065,Karan,Karan@example.com
1066,manjula,manjula@example.com
1067,Liliput99,Liliput99@example.com
1068,Nikhil,Nikhil@example.com
1069,Manish,Manish@example.com
1070,jaydeep,jaydeep@example.com
1071,Sivaraman,Sivaraman@example.com
1072,Placeholder,Placeholder@example.com
1073,Amit,Amit@example.com
1074,Vinod,Vinod@example.com
1075,Srishti,Srishti@example.com
1076,Vivi,Vivi@example.com
1077,Anuj,Anuj@example.com
1078,s_ray77,s_ray77@example.com
1079,srikanthmk,srikanthmk@example.com
1080,Lakshmi,Lakshmi@example.com
1081,E.GURUBARAN,E.GURUBARAN@example.com
1082,Ritu,Ritu@example.com
1083,ABHISHEK,ABHISHEK@example.com
1084,dr.,dr.@example.com
1085,Navin,Navin@example.com
1086,Sheila,Sheila@example.com
1087,Amazon,Amazon@example.com
1088,Amazon,Amazon@example.com
1089,Svblue,Svblue@example.com
1090,Asha,Asha@example.com
1091,Aftab,Aftab@example.com
1092,Akash,Akash@example.com
1093,Vikas,Vikas@example.com
1094,Vijay,Vijay@example.com
1095,Dr,Dr@example.com
1096,Amazon,Amazon@example.com
1097,Rajnish,Rajnish@example.com
1098,Sudhirw,Sudhirw@example.com
1099,Himasrivastava,Himasrivastava@example.com
1100,Swati,Swati@example.com
1101,Gautam,Gautam@example.com
1102,Buyer,Buyer@example.com
1103,Karthikeyan,Karthikeyan@example.com
1104,Naina,Naina@example.com
1105,Sudhakar,Sudhakar@example.com
1106,Sumit,Sumit@example.com
1107,Amit,Amit@example.com
1108,Aashishnautiyal,Aashishnautiyal@example.com
1109,Nikhilesh,Nikhilesh@example.com
1110,Amazon,Amazon@example.com
1111,mirza,mirza@example.com
1112,Amazon,Amazon@example.com
1113,Pratik,Pratik@example.com
1114,Dinesh,Dinesh@example.com
1115,Imran,Imran@example.com
1116,Gyani,Gyani@example.com
1117,Srujan,Srujan@example.com
1118,Pierre,Pierre@example.com
1119,Samsakthi2008,Samsakthi2008@example.com
1120,vijay,vijay@example.com
1121,MM,MM@example.com
1122,Rahul,Rahul@example.com
1123,sudesh,sudesh@example.com
1124,Aadhityaa,Aadhityaa@example.com
1125,Bindu,Bindu@example.com
1126,Rajeev,Rajeev@example.com
1127,rhymerium,rhymerium@example.com
1128,Deepak,Deepak@example.com
1129,Ronish,Ronish@example.com
1130,A,A@example.com
1131,Jasmin,Jasmin@example.com
1132,Santhosh,Santhosh@example.com
1133,Sonu,Sonu@example.com
1134,Ayush,Ayush@example.com
1135,Priya,Priya@example.com
1136,Vinesh,Vinesh@example.com
1137,Vineeth,Vineeth@example.com
1138,Ateendra,Ateendra@example.com
1139,Ramaan,Ramaan@example.com
1140,Hem,Hem@example.com
1141,Amazon,Amazon@example.com
1142,Ashish,Ashish@example.com
1143,Riya,Riya@example.com
1144,ASHFAK,ASHFAK@example.com
1145,Satya,Satya@example.com
1146,kishor,kishor@example.com
1147,Esther,Esther@example.com
1148,chetan,chetan@example.com
1149,Nanki,Nanki@example.com
1150,rahul,rahul@example.com
1151,PRADEEP,PRADEEP@example.com
1152,Anshu,Anshu@example.com
1153,Vasu,Vasu@example.com
1154,Shalini,Shalini@example.com
1155,S@NU,S@NU@example.com
1156,Poonam,Poonam@example.com
1157,Tengop,Tengop@example.com
1158,Sai,Sai@example.com
1159,Vinit,Vinit@example.com
1160,A.D.PAUL,A.D.PAUL@example.com
1161,Sunil,Sunil@example.com
1162,Abhishek,Abhishek@example.com
1163,Dattatray,Dattatray@example.com
1164,Vamsi,Vamsi@example.com
1165,Taniya,Taniya@example.com
1166,Prakash,Prakash@example.com
1167,Varun,Varun@example.com
1168,Govind,Govind@example.com
1169,Dasarath,Dasarath@example.com
1170,p,p@example.com
1171,Rohan,Rohan@example.com
1172,nagarjuna,nagarjuna@example.com
1173,Lulzdrone,Lulzdrone@example.com
1174,Narinder,Narinder@example.com
1175,Shravan,Shravan@example.com
1176,Sandip,Sandip@example.com
1177,ANURAG,ANURAG@example.com
1178,Anmol,Anmol@example.com
1179,Placeholder,Placeholder@example.com
1180,Megha,Megha@example.com
1181,Deepak,Deepak@example.com
1182,Sumit,Sumit@example.com
1183,Vaishnavi,Vaishnavi@example.com
1184,Manoj,Manoj@example.com
1185,Ashish,Ashish@example.com
1186,AmazonCust,AmazonCust@example.com
1187,gitesh,gitesh@example.com
1188,Kunal,Kunal@example.com
1189,Prabha,Prabha@example.com
1190,Manu,Manu@example.com
1191,Nehal,Nehal@example.com
1192,Shubham,Shubham@example.com
1193,Rajib,Rajib@example.com
